{
  "name": "dust",
  "properties": {
    "uuid": {
      "value": 1292890747410097914
    },
    "name": {
      "value": "dust"
    },
    "emitterFlags": {
      "value": 4
    },
    "emitterType": {
      "value": 0
    },
    "initialVelocity": {
      "value": 0.0
    },
    "scaleMin": {
      "value": 0.009999999776482582
    },
    "scaleMax": {
      "value": 0.019999999552965164
    },
    "scaleFactor": {
      "value": 1.0
    },
    "scaleOverLifetime": {
      "values": [
        [
          0.0,
          1.0
        ],
        [
          1.0,
          1.0
        ]
      ]
    },
    "spawnRate": {
      "value": 25.0
    },
    "lifetime": {
      "value": 10.0
    },
    "emissiveFactor": {
      "value": 25.0
    },
    "emissiveOverLifetime": {
      "values": [
        [
          0.0,
          0.0
        ],
        [
          1.0,
          0.0
        ]
      ]
    },
    "colorOverLifetime": {
      "values": [
        [
          0.0,
          0.5598455667495728,
          0.5598455667495728,
          0.5598455667495728,
          1.0
        ],
        [
          1.0,
          0.6332046389579773,
          0.6332046389579773,
          0.6332046389579773,
          1.0
        ]
      ]
    },
    "emissionDirection": {
      "values": [
        0.0,
        0.0,
        1.0
      ]
    },
    "emissionSpread": {
      "value": 0.5
    },
    "emissionRadius": {
      "value": 5.0
    },
    "vectorFieldIntensity": {
      "value": 0.5
    },
    "vectorFieldTightness": {
      "value": 0.009999999776482582
    },
    "vectorFieldScale": {
      "value": 0.10700000077486038
    },
    "velocityScale": {
      "value": 0.0
    },
    "gravity": {
      "value": 0.0
    },
    "linearDamping": {
      "value": 0.0
    },
    "collisionDamping": {
      "value": 0.5
    },
    "collisionSpread": {
      "value": 0.05000000074505806
    }
  }
}