{
  "name": "evening",
  "properties": {
    "uuid": {
      "value": 16918403869157727472
    },
    "name": {
      "value": "evening"
    },
    "globalDensityFactor": {
      "value": 0.05000000074505806,
      "blendFactor": 1.0
    },
    "heightFogDensity": {
      "value": 0.05000000074505806,
      "blendFactor": 1.0
    },
    "heightFogYOffset": {
      "value": 7.699999809265137,
      "blendFactor": 1.0
    },
    "sunAzimuthElevation": {
      "values": [
        254.28599548339844,
        3.571000099182129
      ],
      "blendFactor": 1.0
    },
    "sunIntensity": {
      "value": 10.0,
      "blendFactor": 1.0
    },
    "chromaShiftFactor": {
      "value": 0.0,
      "blendFactor": 1.0
    },
    "vignetteFalloff": {
      "value": 0.8999999761581421,
      "blendFactor": 1.0
    },
    "preExposure": {
      "value": 0.6000000238418579,
      "blendFactor": 1.0
    },
    "bloomIntensity": {
      "value": 0.30000001192092896,
      "blendFactor": 1.0
    },
    "tonemapper": {
      "value": 3
    },
    "gradingLut": {
      "value": "neutral",
      "blendFactor": 1.0
    },
    "gradingStyle": {
      "value": 0
    },
    "gradingLift": {
      "values": [
        0.0,
        0.047759126871824265,
        0.11078277230262756
      ]
    },
    "gradingLiftMaster": {
      "value": 0.0
    },
    "gradingGamma": {
      "values": [
        0.23376625776290894,
        0.0,
        0.009171622805297375
      ]
    },
    "gradingGammaMaster": {
      "value": 0.0
    },
    "gradingGain": {
      "values": [
        0.22958609461784363,
        0.1229829266667366,
        0.0
      ]
    },
    "gradingGainMaster": {
      "value": 0.0
    },
    "gradingSaturation": {
      "value": 1.0
    }
  }
}