{
  "name": "explosion",
  "properties": {
    "uuid": {
      "value": 3525389489281718101
    },
    "name": {
      "value": "explosion"
    },
    "emitterFlags": {
      "value": 5
    },
    "emitterType": {
      "value": 0
    },
    "initialVelocity": {
      "value": 5.0
    },
    "scaleMin": {
      "value": 0.019999999552965164
    },
    "scaleMax": {
      "value": 0.05000000074505806
    },
    "scaleFactor": {
      "value": 1.0
    },
    "scaleOverLifetime": {
      "values": [
        [
          0.0,
          1.0
        ],
        [
          1.0,
          1.0
        ]
      ]
    },
    "spawnRate": {
      "value": 800.0
    },
    "lifetime": {
      "value": 1.0
    },
    "emissiveFactor": {
      "value": 100.0
    },
    "emissiveOverLifetime": {
      "values": [
        [
          0.0,
          1.0
        ],
        [
          1.0,
          1.0
        ]
      ]
    },
    "colorOverLifetime": {
      "values": [
        [
          0.0,
          1.0,
          0.48648643493652344,
          0.0,
          1.0
        ],
        [
          0.5090909004211426,
          1.0,
          0.11583012342453003,
          0.0,
          1.0
        ],
        [
          1.0,
          0.0810810923576355,
          0.0810810923576355,
          0.0810810923576355,
          1.0
        ]
      ]
    },
    "emissionDirection": {
      "values": [
        0.0,
        0.0,
        1.0
      ]
    },
    "emissionSpread": {
      "value": 0.5
    },
    "emissionRadius": {
      "value": 1.0
    },
    "vectorFieldIntensity": {
      "value": 20.0
    },
    "vectorFieldTightness": {
      "value": 0.009999999776482582
    },
    "vectorFieldScale": {
      "value": 0.10000000149011612
    },
    "velocityScale": {
      "value": 2.0
    },
    "gravity": {
      "value": -20.0
    },
    "linearDamping": {
      "value": 0.0
    },
    "collisionDamping": {
      "value": 0.5
    },
    "collisionSpread": {
      "value": 0.05000000074505806
    }
  }
}